{"providers":[{"type":"bitmap","file":"minecraft:misc\/hunger_half.png","ascent":8,"height":16,"chars":["\ueff3"]},{"type":"bitmap","file":"minecraft:misc\/hunger_full.png","ascent":8,"height":16,"chars":["\ueff4"]},{"type":"bitmap","file":"minecraft:gui\/container\/brewing_guide_left.png","ascent":13,"height":166,"chars":["\ueff1"]},{"type":"bitmap","file":"minecraft:gui\/container\/brewing_guide_right.png","ascent":13,"height":166,"chars":["\ueff2"]},{"type":"bitmap","file":"minecraft:misc\/redstone.png","ascent":8,"height":16,"chars":["\ueff5"]}]}